Workbook

Sheet פירוט ריבית חובה לפי PDF
A1: בנק הפועלים | F1: ארביטראז' גלובל אל פי | I1: תקופה 1 | J1: תקופה 2 | K1: תאריך שינוי ריבית
A2: סניף מרכז תפעולי עסקי 600 | F2: דרך בגין 144 | H2: ריבית בנק ישראל | I2: 0.045 | J2: 0.0425 | K2: 27.11
A3: מס: 03-6532407 | F3: תל אביב - יפו | H3: מרווח ריבית חובה | I3: 0.0035
A4: מס חשבון 463560 | F4: 6492102 | H4: מרווח ריבית זכות | I4: -0.006
A5: תאריך הדפסה
A7: הנדון: פירוט חיוב הריבית מיום 01/01/26 לתקופה 01/10/25 - 31/12/25
K8: אם יש יתרות זכות אז יחושב פה
A9: מתאריך | B9: עד תאריך | C9: מסגרת חח"ד | D9: מסגרת נוספת חד-צדדית | E9: גובה המדרגה (ש"ח) | F9: אחוז ריבית | G9: מספרי חובה | H9: ריבית חובה (ש"ח) | I9: =$I$2+$I$3 | J9: =$J$2+$I$3 | K9: =$I$2+$I$4 | L9: =$J$2+$I$4
A10: 01/10/25 | B10: 31/10/25 | C10: 13,000,000 ש"ח
A11: מדרגה 1 | E11: 13000000 | F11: 0.049 | G11: 83304292 | H11: 11183.32 | I11: =(F11-$I$9)/365*G11
A12: חריגה | F12: 0.049 | G12: 2.0890922e+08 | H12: 28045.35 | I12: =(F12-$I$9)/365*G12
A13: 01/11/25 | B13: 25/11/25 | C13: 13,000,000 ש"ח
A14: מדרגה 1 | E14: 13000000 | F14: 0.049 | G14: 1.2490228e+08 | H14: 16767.7 | I14: =(F14-$I$9)/365*G14
A15: חריגה | F15: 0.049 | G15: 1.4094405e+09 | H15: 189212.57 | I15: =(F15-$I$9)/365*G15
A16: 26/11/25 | B16: 26/11/25 | C16: 10,100,000 ש"ח
A17: מדרגה 1 | E17: 10100000 | F17: 0.049 | G17: 0 | H17: 0 | I17: =(F17-$I$9)/365*G17 | J17: =(F17-$J$9)/365*G17
A18: חריגה | F18: 0.049 | G18: 0 | H18: 0 | I18: =(F18-$I$9)/365*G18 | J18: =(F18-$J$9)/365*G18
A19: 27/11/25 | B19: 30/11/25 | C19: 10,100,000 ש"ח
A20: מדרגה 1 | E20: 10100000 | F20: 0.0465 | G20: 0 | H20: 0 | I20: =(F20-$I$9)/365*G20 | J20: =(F20-$J$9)/365*G20
A21: חריגה | F21: 0.0465 | G21: 0 | H21: 0 | I21: =(F21-$I$9)/365*G21 | J21: =(F21-$J$9)/365*G21
A22: 01/12/25 | B22: 21/12/25 | C22: 10,100,000 ש"ח
A23: מדרגה 1 | E23: 10100000 | F23: 0.0465 | G23: 0 | H23: 0 | I23: =(F23-$I$9)/365*G23 | J23: =(F23-$J$9)/365*G23
A24: חריגה | F24: 0.0465 | G24: 0 | H24: 0 | I24: =(F24-$I$9)/365*G24 | J24: =(F24-$J$9)/365*G24
A25: 22/12/25 | B25: 31/12/25 | C25: 3,100,000 ש"ח
A26: מדרגה 1 | E26: 3100000 | F26: 0.0465 | G26: 0 | H26: 0 | I26: =(F26-$I$9)/365*G26 | J26: =(F26-$J$9)/365*G26
A27: חריגה | F27: 0.0465 | G27: 0 | H27: 0 | I27: =(F27-$I$9)/365*G27 | J27: =(F27-$J$9)/365*G27
H28: החזר | I28: =SUM(I11:I27)
A29: סה"כ ריבית חובה: | F29: מדרגה 1 | G29: 27951.02
F30: חריגה | G30: 217257.92
G31: =SUM(G29:G30)
A32: חשבונך חויב ב- 01/01/26 בסכום של: 245,208.93 ש"ח.
A34: לידיעתך:
A35: מספרי חובה - נתון זה הינו סיכום (חיבור) של יתרות החובה בפועל (לפי תאריכי ערך)
A36: בתקופת החישוב לגביה מחושבת ריבית החובה במדרגה הנדונה.

Sheet בנק
M1: תקופה 1 | N1: תקופה 2 | O1: תאריך שינוי ריבית
L2: ריבית בנק ישראל | M2: 0.045 | N2: 0.0425 | O2: 27.11
A3: תנועות בחשבון | L3: מרווח ריבית חובה | M3: 0.0035
A4: מספר חשבון 12-600-463560 לתקופה: 01/10/25 - 31/12/25 | L4: מרווח ריבית זכות | M4: -0.006
A5: תאריך | B5: קוד פעולה | C5: הפעולה | D5: פרטים | E5: אסמכתא | F5: צרור | G5: חובה | H5: זכות | I5: יתרה בש"ח | J5: הערה

Sheet חישוב החזר לפי יתרות בבנק
L1: תקופה 1 | M1: תקופה 2 | N1: תאריך שינוי ריבית
K2: ריבית בנק ישראל | L2: 0.045 | M2: 0.0425 | N2: 27.11
K3: מרווח ריבית חובה | L3: 0.0035
A4: תנועות בחשבון | K4: מרווח ריבית זכות | L4: -0.006
A5: מספר חשבון 12-600-463560 לתקופה: 01/10/25 - 31/12/25 | L5: ריבית חובה | M5: ריבית חובה 2
A6: תאריך | B6: קוד פעולה | C6: הפעולה | D6: פרטים | E6: אסמכתא | F6: צרור | G6: חובה | H6: זכות | I6: יתרה בש"ח | K6: מספר ימים | L6: =$L$2+$L$3 | M6: =$M$2+$L$3
A7: 46023
A8: =IFERROR(INDEX('בנק'!$A:$A,AGGREGATE(15,6,ROW($A$6:$A$500)/(('בנק'!$I$6:$I$500<0)*('בנק'!$I$6:$I$500<>"")),ROW()-7)),"") | B8: =IFERROR(INDEX('בנק'!$B:$B,AGGREGATE(15,6,ROW($A$6:$A$500)/(('בנק'!$I$6:$I$500<0)*('בנק'!$I$6:$I$500<>"")),ROW()-7)),"") | C8: =IFERROR(INDEX('בנק'!$C:$C,AGGREGATE(15,6,ROW($A$6:$A$500)/(('בנק'!$I$6:$I$500<0)*('בנק'!$I$6:$I$500<>"")),ROW()-7)),"") | D8: =IFERROR(INDEX('בנק'!$D:$D,AGGREGATE(15,6,ROW($A$6:$A$500)/(('בנק'!$I$6:$I$500<0)*('בנק'!$I$6:$I$500<>"")),ROW()-7)),"") | E8: =IFERROR(INDEX('בנק'!$E:$E,AGGREGATE(15,6,ROW($A$6:$A$500)/(('בנק'!$I$6:$I$500<0)*('בנק'!$I$6:$I$500<>"")),ROW()-7)),"") | F8: =IFERROR(INDEX('בנק'!$F:$F,AGGREGATE(15,6,ROW($A$6:$A$500)/(('בנק'!$I$6:$I$500<0)*('בנק'!$I$6:$I$500<>"")),ROW()-7)),"") | G8: =IFERROR(INDEX('בנק'!$G:$G,AGGREGATE(15,6,ROW($A$6:$A$500)/(('בנק'!$I$6:$I$500<0)*('בנק'!$I$6:$I$500<>"")),ROW()-7)),"") | H8: =IFERROR(INDEX('בנק'!$H:$H,AGGREGATE(15,6,ROW($A$6:$A$500)/(('בנק'!$I$6:$I$500<0)*('בנק'!$I$6:$I$500<>"")),ROW()-7)),"") | I8: =IFERROR(INDEX('בנק'!$I:$I,AGGREGATE(15,6,ROW($A$6:$A$500)/(('בנק'!$I$6:$I$500<0)*('בנק'!$I$6:$I$500<>"")),ROW()-7)),"") | J8: =IFERROR(A7-A8,"") | K8: =IFERROR(A8-A9,"") | L8: =IFERROR($L$6/365*I8*J8,"")
A9: =IFERROR(INDEX('בנק'!$A:$A,AGGREGATE(15,6,ROW($A$6:$A$500)/(('בנק'!$I$6:$I$500<0)*('בנק'!$I$6:$I$500<>"")),ROW()-7)),"") | B9: =IFERROR(INDEX('בנק'!$B:$B,AGGREGATE(15,6,ROW($A$6:$A$500)/(('בנק'!$I$6:$I$500<0)*('בנק'!$I$6:$I$500<>"")),ROW()-7)),"") | C9: =IFERROR(INDEX('בנק'!$C:$C,AGGREGATE(15,6,ROW($A$6:$A$500)/(('בנק'!$I$6:$I$500<0)*('בנק'!$I$6:$I$500<>"")),ROW()-7)),"") | D9: =IFERROR(INDEX('בנק'!$D:$D,AGGREGATE(15,6,ROW($A$6:$A$500)/(('בנק'!$I$6:$I$500<0)*('בנק'!$I$6:$I$500<>"")),ROW()-7)),"") | E9: =IFERROR(INDEX('בנק'!$E:$E,AGGREGATE(15,6,ROW($A$6:$A$500)/(('בנק'!$I$6:$I$500<0)*('בנק'!$I$6:$I$500<>"")),ROW()-7)),"") | F9: =IFERROR(INDEX('בנק'!$F:$F,AGGREGATE(15,6,ROW($A$6:$A$500)/(('בנק'!$I$6:$I$500<0)*('בנק'!$I$6:$I$500<>"")),ROW()-7)),"") | G9: =IFERROR(INDEX('בנק'!$G:$G,AGGREGATE(15,6,ROW($A$6:$A$500)/(('בנק'!$I$6:$I$500<0)*('בנק'!$I$6:$I$500<>"")),ROW()-7)),"") | H9: =IFERROR(INDEX('בנק'!$H:$H,AGGREGATE(15,6,ROW($A$6:$A$500)/(('בנק'!$I$6:$I$500<0)*('בנק'!$I$6:$I$500<>"")),ROW()-7)),"") | I9: =IFERROR(INDEX('בנק'!$I:$I,AGGREGATE(15,6,ROW($A$6:$A$500)/(('בנק'!$I$6:$I$500<0)*('בנק'!$I$6:$I$500<>"")),ROW()-7)),"") | J9: =IFERROR(A8-A9,"") | K9: =IFERROR(A9-A10,"") | L9: =IFERROR($L$6/365*I9*J9,"")
A10: =IFERROR(INDEX('בנק'!$A:$A,AGGREGATE(15,6,ROW($A$6:$A$500)/(('בנק'!$I$6:$I$500<0)*('בנק'!$I$6:$I$500<>"")),ROW()-7)),"") | B10: =IFERROR(INDEX('בנק'!$B:$B,AGGREGATE(15,6,ROW($A$6:$A$500)/(('בנק'!$I$6:$I$500<0)*('בנק'!$I$6:$I$500<>"")),ROW()-7)),"") | C10: =IFERROR(INDEX('בנק'!$C:$C,AGGREGATE(15,6,ROW($A$6:$A$500)/(('בנק'!$I$6:$I$500<0)*('בנק'!$I$6:$I$500<>"")),ROW()-7)),"") | D10: =IFERROR(INDEX('בנק'!$D:$D,AGGREGATE(15,6,ROW($A$6:$A$500)/(('בנק'!$I$6:$I$500<0)*('בנק'!$I$6:$I$500<>"")),ROW()-7)),"") | E10: =IFERROR(INDEX('בנק'!$E:$E,AGGREGATE(15,6,ROW($A$6:$A$500)/(('בנק'!$I$6:$I$500<0)*('בנק'!$I$6:$I$500<>"")),ROW()-7)),"") | F10: =IFERROR(INDEX('בנק'!$F:$F,AGGREGATE(15,6,ROW($A$6:$A$500)/(('בנק'!$I$6:$I$500<0)*('בנק'!$I$6:$I$500<>"")),ROW()-7)),"") | G10: =IFERROR(INDEX('בנק'!$G:$G,AGGREGATE(15,6,ROW($A$6:$A$500)/(('בנק'!$I$6:$I$500<0)*('בנק'!$I$6:$I$500<>"")),ROW()-7)),"") | H10: =IFERROR(INDEX('בנק'!$H:$H,AGGREGATE(15,6,ROW($A$6:$A$500)/(('בנק'!$I$6:$I$500<0)*('בנק'!$I$6:$I$500<>"")),ROW()-7)),"") | I10: =IFERROR(INDEX('בנק'!$I:$I,AGGREGATE(15,6,ROW($A$6:$A$500)/(('בנק'!$I$6:$I$500<0)*('בנק'!$I$6:$I$500<>"")),ROW()-7)),"") | J10: =IFERROR(A9-A10,"") | K10: =IFERROR(A10-A11,"") | L10: =IFERROR($L$6/365*I10*J10,"")
A11: =IFERROR(INDEX('בנק'!$A:$A,AGGREGATE(15,6,ROW($A$6:$A$500)/(('בנק'!$I$6:$I$500<0)*('בנק'!$I$6:$I$500<>"")),ROW()-7)),"") | B11: =IFERROR(INDEX('בנק'!$B:$B,AGGREGATE(15,6,ROW($A$6:$A$500)/(('בנק'!$I$6:$I$500<0)*('בנק'!$I$6:$I$500<>"")),ROW()-7)),"") | C11: =IFERROR(INDEX('בנק'!$C:$C,AGGREGATE(15,6,ROW($A$6:$A$500)/(('בנק'!$I$6:$I$500<0)*('בנק'!$I$6:$I$500<>"")),ROW()-7)),"") | D11: =IFERROR(INDEX('בנק'!$D:$D,AGGREGATE(15,6,ROW($A$6:$A$500)/(('בנק'!$I$6:$I$500<0)*('בנק'!$I$6:$I$500<>"")),ROW()-7)),"") | E11: =IFERROR(INDEX('בנק'!$E:$E,AGGREGATE(15,6,ROW($A$6:$A$500)/(('בנק'!$I$6:$I$500<0)*('בנק'!$I$6:$I$500<>"")),ROW()-7)),"") | F11: =IFERROR(INDEX('בנק'!$F:$F,AGGREGATE(15,6,ROW($A$6:$A$500)/(('בנק'!$I$6:$I$500<0)*('בנק'!$I$6:$I$500<>"")),ROW()-7)),"") | G11: =IFERROR(INDEX('בנק'!$G:$G,AGGREGATE(15,6,ROW($A$6:$A$500)/(('בנק'!$I$6:$I$500<0)*('בנק'!$I$6:$I$500<>"")),ROW()-7)),"") | H11: =IFERROR(INDEX('בנק'!$H:$H,AGGREGATE(15,6,ROW($A$6:$A$500)/(('בנק'!$I$6:$I$500<0)*('בנק'!$I$6:$I$500<>"")),ROW()-7)),"") | I11: =IFERROR(INDEX('בנק'!$I:$I,AGGREGATE(15,6,ROW($A$6:$A$500)/(('בנק'!$I$6:$I$500<0)*('בנק'!$I$6:$I$500<>"")),ROW()-7)),"") | J11: =IFERROR(A10-A11,"") | K11: =IFERROR(A11-A12,"") | L11: =IFERROR($L$6/365*I11*J11,"")
A12: =IFERROR(INDEX('בנק'!$A:$A,AGGREGATE(15,6,ROW($A$6:$A$500)/(('בנק'!$I$6:$I$500<0)*('בנק'!$I$6:$I$500<>"")),ROW()-7)),"") | B12: =IFERROR(INDEX('בנק'!$B:$B,AGGREGATE(15,6,ROW($A$6:$A$500)/(('בנק'!$I$6:$I$500<0)*('בנק'!$I$6:$I$500<>"")),ROW()-7)),"") | C12: =IFERROR(INDEX('בנק'!$C:$C,AGGREGATE(15,6,ROW($A$6:$A$500)/(('בנק'!$I$6:$I$500<0)*('בנק'!$I$6:$I$500<>"")),ROW()-7)),"") | D12: =IFERROR(INDEX('בנק'!$D:$D,AGGREGATE(15,6,ROW($A$6:$A$500)/(('בנק'!$I$6:$I$500<0)*('בנק'!$I$6:$I$500<>"")),ROW()-7)),"") | E12: =IFERROR(INDEX('בנק'!$E:$E,AGGREGATE(15,6,ROW($A$6:$A$500)/(('בנק'!$I$6:$I$500<0)*('בנק'!$I$6:$I$500<>"")),ROW()-7)),"") | F12: =IFERROR(INDEX('בנק'!$F:$F,AGGREGATE(15,6,ROW($A$6:$A$500)/(('בנק'!$I$6:$I$500<0)*('בנק'!$I$6:$I$500<>"")),ROW()-7)),"") | G12: =IFERROR(INDEX('בנק'!$G:$G,AGGREGATE(15,6,ROW($A$6:$A$500)/(('בנק'!$I$6:$I$500<0)*('בנק'!$I$6:$I$500<>"")),ROW()-7)),"") | H12: =IFERROR(INDEX('בנק'!$H:$H,AGGREGATE(15,6,ROW($A$6:$A$500)/(('בנק'!$I$6:$I$500<0)*('בנק'!$I$6:$I$500<>"")),ROW()-7)),"") | I12: =IFERROR(INDEX('בנק'!$I:$I,AGGREGATE(15,6,ROW($A$6:$A$500)/(('בנק'!$I$6:$I$500<0)*('בנק'!$I$6:$I$500<>"")),ROW()-7)),"") | J12: =IFERROR(A11-A12,"") | K12: =IFERROR(A12-A13,"") | L12: =IFERROR($L$6/365*I12*J12,"")
A13: =IFERROR(INDEX('בנק'!$A:$A,AGGREGATE(15,6,ROW($A$6:$A$500)/(('בנק'!$I$6:$I$500<0)*('בנק'!$I$6:$I$500<>"")),ROW()-7)),"") | B13: =IFERROR(INDEX('בנק'!$B:$B,AGGREGATE(15,6,ROW($A$6:$A$500)/(('בנק'!$I$6:$I$500<0)*('בנק'!$I$6:$I$500<>"")),ROW()-7)),"") | C13: =IFERROR(INDEX('בנק'!$C:$C,AGGREGATE(15,6,ROW($A$6:$A$500)/(('בנק'!$I$6:$I$500<0)*('בנק'!$I$6:$I$500<>"")),ROW()-7)),"") | D13: =IFERROR(INDEX('בנק'!$D:$D,AGGREGATE(15,6,ROW($A$6:$A$500)/(('בנק'!$I$6:$I$500<0)*('בנק'!$I$6:$I$500<>"")),ROW()-7)),"") | E13: =IFERROR(INDEX('בנק'!$E:$E,AGGREGATE(15,6,ROW($A$6:$A$500)/(('בנק'!$I$6:$I$500<0)*('בנק'!$I$6:$I$500<>"")),ROW()-7)),"") | F13: =IFERROR(INDEX('בנק'!$F:$F,AGGREGATE(15,6,ROW($A$6:$A$500)/(('בנק'!$I$6:$I$500<0)*('בנק'!$I$6:$I$500<>"")),ROW()-7)),"") | G13: =IFERROR(INDEX('בנק'!$G:$G,AGGREGATE(15,6,ROW($A$6:$A$500)/(('בנק'!$I$6:$I$500<0)*('בנק'!$I$6:$I$500<>"")),ROW()-7)),"") | H13: =IFERROR(INDEX('בנק'!$H:$H,AGGREGATE(15,6,ROW($A$6:$A$500)/(('בנק'!$I$6:$I$500<0)*('בנק'!$I$6:$I$500<>"")),ROW()-7)),"") | I13: =IFERROR(INDEX('בנק'!$I:$I,AGGREGATE(15,6,ROW($A$6:$A$500)/(('בנק'!$I$6:$I$500<0)*('בנק'!$I$6:$I$500<>"")),ROW()-7)),"") | J13: =IFERROR(A12-A13,"") | K13: =IFERROR(A13-A14,"") | L13: =IFERROR($L$6/365*I13*J13,"")
A14: =IFERROR(INDEX('בנק'!$A:$A,AGGREGATE(15,6,ROW($A$6:$A$500)/(('בנק'!$I$6:$I$500<0)*('בנק'!$I$6:$I$500<>"")),ROW()-7)),"") | B14: =IFERROR(INDEX('בנק'!$B:$B,AGGREGATE(15,6,ROW($A$6:$A$500)/(('בנק'!$I$6:$I$500<0)*('בנק'!$I$6:$I$500<>"")),ROW()-7)),"") | C14: =IFERROR(INDEX('בנק'!$C:$C,AGGREGATE(15,6,ROW($A$6:$A$500)/(('בנק'!$I$6:$I$500<0)*('בנק'!$I$6:$I$500<>"")),ROW()-7)),"") | D14: =IFERROR(INDEX('בנק'!$D:$D,AGGREGATE(15,6,ROW($A$6:$A$500)/(('בנק'!$I$6:$I$500<0)*('בנק'!$I$6:$I$500<>"")),ROW()-7)),"") | E14: =IFERROR(INDEX('בנק'!$E:$E,AGGREGATE(15,6,ROW($A$6:$A$500)/(('בנק'!$I$6:$I$500<0)*('בנק'!$I$6:$I$500<>"")),ROW()-7)),"") | F14: =IFERROR(INDEX('בנק'!$F:$F,AGGREGATE(15,6,ROW($A$6:$A$500)/(('בנק'!$I$6:$I$500<0)*('בנק'!$I$6:$I$500<>"")),ROW()-7)),"") | G14: =IFERROR(INDEX('בנק'!$G:$G,AGGREGATE(15,6,ROW($A$6:$A$500)/(('בנק'!$I$6:$I$500<0)*('בנק'!$I$6:$I$500<>"")),ROW()-7)),"") | H14: =IFERROR(INDEX('בנק'!$H:$H,AGGREGATE(15,6,ROW($A$6:$A$500)/(('בנק'!$I$6:$I$500<0)*('בנק'!$I$6:$I$500<>"")),ROW()-7)),"") | I14: =IFERROR(INDEX('בנק'!$I:$I,AGGREGATE(15,6,ROW($A$6:$A$500)/(('בנק'!$I$6:$I$500<0)*('בנק'!$I$6:$I$500<>"")),ROW()-7)),"") | J14: =IFERROR(A13-A14,"") | K14: =IFERROR(A14-A15,"") | L14: =IFERROR($L$6/365*I14*J14,"")
A15: =IFERROR(INDEX('בנק'!$A:$A,AGGREGATE(15,6,ROW($A$6:$A$500)/(('בנק'!$I$6:$I$500<0)*('בנק'!$I$6:$I$500<>"")),ROW()-7)),"") | B15: =IFERROR(INDEX('בנק'!$B:$B,AGGREGATE(15,6,ROW($A$6:$A$500)/(('בנק'!$I$6:$I$500<0)*('בנק'!$I$6:$I$500<>"")),ROW()-7)),"") | C15: =IFERROR(INDEX('בנק'!$C:$C,AGGREGATE(15,6,ROW($A$6:$A$500)/(('בנק'!$I$6:$I$500<0)*('בנק'!$I$6:$I$500<>"")),ROW()-7)),"") | D15: =IFERROR(INDEX('בנק'!$D:$D,AGGREGATE(15,6,ROW($A$6:$A$500)/(('בנק'!$I$6:$I$500<0)*('בנק'!$I$6:$I$500<>"")),ROW()-7)),"") | E15: =IFERROR(INDEX('בנק'!$E:$E,AGGREGATE(15,6,ROW($A$6:$A$500)/(('בנק'!$I$6:$I$500<0)*('בנק'!$I$6:$I$500<>"")),ROW()-7)),"") | F15: =IFERROR(INDEX('בנק'!$F:$F,AGGREGATE(15,6,ROW($A$6:$A$500)/(('בנק'!$I$6:$I$500<0)*('בנק'!$I$6:$I$500<>"")),ROW()-7)),"") | G15: =IFERROR(INDEX('בנק'!$G:$G,AGGREGATE(15,6,ROW($A$6:$A$500)/(('בנק'!$I$6:$I$500<0)*('בנק'!$I$6:$I$500<>"")),ROW()-7)),"") | H15: =IFERROR(INDEX('בנק'!$H:$H,AGGREGATE(15,6,ROW($A$6:$A$500)/(('בנק'!$I$6:$I$500<0)*('בנק'!$I$6:$I$500<>"")),ROW()-7)),"") | I15: =IFERROR(INDEX('בנק'!$I:$I,AGGREGATE(15,6,ROW($A$6:$A$500)/(('בנק'!$I$6:$I$500<0)*('בנק'!$I$6:$I$500<>"")),ROW()-7)),"") | J15: =IFERROR(A14-A15,"") | K15: =IFERROR(A15-A16,"") | L15: =IFERROR($L$6/365*I15*J15,"")
A16: =IFERROR(INDEX('בנק'!$A:$A,AGGREGATE(15,6,ROW($A$6:$A$500)/(('בנק'!$I$6:$I$500<0)*('בנק'!$I$6:$I$500<>"")),ROW()-7)),"") | B16: =IFERROR(INDEX('בנק'!$B:$B,AGGREGATE(15,6,ROW($A$6:$A$500)/(('בנק'!$I$6:$I$500<0)*('בנק'!$I$6:$I$500<>"")),ROW()-7)),"") | C16: =IFERROR(INDEX('בנק'!$C:$C,AGGREGATE(15,6,ROW($A$6:$A$500)/(('בנק'!$I$6:$I$500<0)*('בנק'!$I$6:$I$500<>"")),ROW()-7)),"") | D16: =IFERROR(INDEX('בנק'!$D:$D,AGGREGATE(15,6,ROW($A$6:$A$500)/(('בנק'!$I$6:$I$500<0)*('בנק'!$I$6:$I$500<>"")),ROW()-7)),"") | E16: =IFERROR(INDEX('בנק'!$E:$E,AGGREGATE(15,6,ROW($A$6:$A$500)/(('בנק'!$I$6:$I$500<0)*('בנק'!$I$6:$I$500<>"")),ROW()-7)),"") | F16: =IFERROR(INDEX('בנק'!$F:$F,AGGREGATE(15,6,ROW($A$6:$A$500)/(('בנק'!$I$6:$I$500<0)*('בנק'!$I$6:$I$500<>"")),ROW()-7)),"") | G16: =IFERROR(INDEX('בנק'!$G:$G,AGGREGATE(15,6,ROW($A$6:$A$500)/(('בנק'!$I$6:$I$500<0)*('בנק'!$I$6:$I$500<>"")),ROW()-7)),"") | H16: =IFERROR(INDEX('בנק'!$H:$H,AGGREGATE(15,6,ROW($A$6:$A$500)/(('בנק'!$I$6:$I$500<0)*('בנק'!$I$6:$I$500<>"")),ROW()-7)),"") | I16: =IFERROR(INDEX('בנק'!$I:$I,AGGREGATE(15,6,ROW($A$6:$A$500)/(('בנק'!$I$6:$I$500<0)*('בנק'!$I$6:$I$500<>"")),ROW()-7)),"") | J16: =IFERROR(A15-A16,"") | K16: =IFERROR(A16-A17,"") | L16: =IFERROR($L$6/365*I16*J16,"")
A17: =IFERROR(INDEX('בנק'!$A:$A,AGGREGATE(15,6,ROW($A$6:$A$500)/(('בנק'!$I$6:$I$500<0)*('בנק'!$I$6:$I$500<>"")),ROW()-7)),"") | B17: =IFERROR(INDEX('בנק'!$B:$B,AGGREGATE(15,6,ROW($A$6:$A$500)/(('בנק'!$I$6:$I$500<0)*('בנק'!$I$6:$I$500<>"")),ROW()-7)),"") | C17: =IFERROR(INDEX('בנק'!$C:$C,AGGREGATE(15,6,ROW($A$6:$A$500)/(('בנק'!$I$6:$I$500<0)*('בנק'!$I$6:$I$500<>"")),ROW()-7)),"") | D17: =IFERROR(INDEX('בנק'!$D:$D,AGGREGATE(15,6,ROW($A$6:$A$500)/(('בנק'!$I$6:$I$500<0)*('בנק'!$I$6:$I$500<>"")),ROW()-7)),"") | E17: =IFERROR(INDEX('בנק'!$E:$E,AGGREGATE(15,6,ROW($A$6:$A$500)/(('בנק'!$I$6:$I$500<0)*('בנק'!$I$6:$I$500<>"")),ROW()-7)),"") | F17: =IFERROR(INDEX('בנק'!$F:$F,AGGREGATE(15,6,ROW($A$6:$A$500)/(('בנק'!$I$6:$I$500<0)*('בנק'!$I$6:$I$500<>"")),ROW()-7)),"") | G17: =IFERROR(INDEX('בנק'!$G:$G,AGGREGATE(15,6,ROW($A$6:$A$500)/(('בנק'!$I$6:$I$500<0)*('בנק'!$I$6:$I$500<>"")),ROW()-7)),"") | H17: =IFERROR(INDEX('בנק'!$H:$H,AGGREGATE(15,6,ROW($A$6:$A$500)/(('בנק'!$I$6:$I$500<0)*('בנק'!$I$6:$I$500<>"")),ROW()-7)),"") | I17: =IFERROR(INDEX('בנק'!$I:$I,AGGREGATE(15,6,ROW($A$6:$A$500)/(('בנק'!$I$6:$I$500<0)*('בנק'!$I$6:$I$500<>"")),ROW()-7)),"") | J17: =IFERROR(A16-A17,"") | K17: =IFERROR(A17-A18,"") | L17: =IFERROR($L$6/365*I17*J17,"")
A18: =IFERROR(INDEX('בנק'!$A:$A,AGGREGATE(15,6,ROW($A$6:$A$500)/(('בנק'!$I$6:$I$500<0)*('בנק'!$I$6:$I$500<>"")),ROW()-7)),"") | B18: =IFERROR(INDEX('בנק'!$B:$B,AGGREGATE(15,6,ROW($A$6:$A$500)/(('בנק'!$I$6:$I$500<0)*('בנק'!$I$6:$I$500<>"")),ROW()-7)),"") | C18: =IFERROR(INDEX('בנק'!$C:$C,AGGREGATE(15,6,ROW($A$6:$A$500)/(('בנק'!$I$6:$I$500<0)*('בנק'!$I$6:$I$500<>"")),ROW()-7)),"") | D18: =IFERROR(INDEX('בנק'!$D:$D,AGGREGATE(15,6,ROW($A$6:$A$500)/(('בנק'!$I$6:$I$500<0)*('בנק'!$I$6:$I$500<>"")),ROW()-7)),"") | E18: =IFERROR(INDEX('בנק'!$E:$E,AGGREGATE(15,6,ROW($A$6:$A$500)/(('בנק'!$I$6:$I$500<0)*('בנק'!$I$6:$I$500<>"")),ROW()-7)),"") | F18: =IFERROR(INDEX('בנק'!$F:$F,AGGREGATE(15,6,ROW($A$6:$A$500)/(('בנק'!$I$6:$I$500<0)*('בנק'!$I$6:$I$500<>"")),ROW()-7)),"") | G18: =IFERROR(INDEX('בנק'!$G:$G,AGGREGATE(15,6,ROW($A$6:$A$500)/(('בנק'!$I$6:$I$500<0)*('בנק'!$I$6:$I$500<>"")),ROW()-7)),"") | H18: =IFERROR(INDEX('בנק'!$H:$H,AGGREGATE(15,6,ROW($A$6:$A$500)/(('בנק'!$I$6:$I$500<0)*('בנק'!$I$6:$I$500<>"")),ROW()-7)),"") | I18: =IFERROR(INDEX('בנק'!$I:$I,AGGREGATE(15,6,ROW($A$6:$A$500)/(('בנק'!$I$6:$I$500<0)*('בנק'!$I$6:$I$500<>"")),ROW()-7)),"") | J18: =IFERROR(A17-A18,"") | K18: =IFERROR(A18-A19,"") | L18: =IFERROR($L$6/365*I18*J18,"")
A19: =IFERROR(INDEX('בנק'!$A:$A,AGGREGATE(15,6,ROW($A$6:$A$500)/(('בנק'!$I$6:$I$500<0)*('בנק'!$I$6:$I$500<>"")),ROW()-7)),"") | B19: =IFERROR(INDEX('בנק'!$B:$B,AGGREGATE(15,6,ROW($A$6:$A$500)/(('בנק'!$I$6:$I$500<0)*('בנק'!$I$6:$I$500<>"")),ROW()-7)),"") | C19: =IFERROR(INDEX('בנק'!$C:$C,AGGREGATE(15,6,ROW($A$6:$A$500)/(('בנק'!$I$6:$I$500<0)*('בנק'!$I$6:$I$500<>"")),ROW()-7)),"") | D19: =IFERROR(INDEX('בנק'!$D:$D,AGGREGATE(15,6,ROW($A$6:$A$500)/(('בנק'!$I$6:$I$500<0)*('בנק'!$I$6:$I$500<>"")),ROW()-7)),"") | E19: =IFERROR(INDEX('בנק'!$E:$E,AGGREGATE(15,6,ROW($A$6:$A$500)/(('בנק'!$I$6:$I$500<0)*('בנק'!$I$6:$I$500<>"")),ROW()-7)),"") | F19: =IFERROR(INDEX('בנק'!$F:$F,AGGREGATE(15,6,ROW($A$6:$A$500)/(('בנק'!$I$6:$I$500<0)*('בנק'!$I$6:$I$500<>"")),ROW()-7)),"") | G19: =IFERROR(INDEX('בנק'!$G:$G,AGGREGATE(15,6,ROW($A$6:$A$500)/(('בנק'!$I$6:$I$500<0)*('בנק'!$I$6:$I$500<>"")),ROW()-7)),"") | H19: =IFERROR(INDEX('בנק'!$H:$H,AGGREGATE(15,6,ROW($A$6:$A$500)/(('בנק'!$I$6:$I$500<0)*('בנק'!$I$6:$I$500<>"")),ROW()-7)),"") | I19: =IFERROR(INDEX('בנק'!$I:$I,AGGREGATE(15,6,ROW($A$6:$A$500)/(('בנק'!$I$6:$I$500<0)*('בנק'!$I$6:$I$500<>"")),ROW()-7)),"") | J19: =IFERROR(A18-A19,"") | K19: =IFERROR(A19-A20,"") | L19: =IFERROR($L$6/365*I19*J19,"")
... A56: =IFERROR(INDEX('בנק'!$A:$A,AGGREGATE(15,6,ROW($A$6:$A$500)/(('בנק'!$I$6:$I$500<0)*('בנק'!$I$6:$I$500<>"")),ROW()-7)),"") | B56: =IFERROR(INDEX('בנק'!$B:$B,AGGREGATE(15,6,ROW($A$6:$A$500)/(('בנק'!$I$6:$I$500<0)*('בנק'!$I$6:$I$500<>"")),ROW()-7)),"") | C56: =IFERROR(INDEX('בנק'!$C:$C,AGGREGATE(15,6,ROW($A$6:$A$500)/(('בנק'!$I$6:$I$500<0)*('בנק'!$I$6:$I$500<>"")),ROW()-7)),"") | D56: =IFERROR(INDEX('בנק'!$D:$D,AGGREGATE(15,6,ROW($A$6:$A$500)/(('בנק'!$I$6:$I$500<0)*('בנק'!$I$6:$I$500<>"")),ROW()-7)),"") | E56: =IFERROR(INDEX('בנק'!$E:$E,AGGREGATE(15,6,ROW($A$6:$A$500)/(('בנק'!$I$6:$I$500<0)*('בנק'!$I$6:$I$500<>"")),ROW()-7)),"") | F56: =IFERROR(INDEX('בנק'!$F:$F,AGGREGATE(15,6,ROW($A$6:$A$500)/(('בנק'!$I$6:$I$500<0)*('בנק'!$I$6:$I$500<>"")),ROW()-7)),"") | G56: =IFERROR(INDEX('בנק'!$G:$G,AGGREGATE(15,6,ROW($A$6:$A$500)/(('בנק'!$I$6:$I$500<0)*('בנק'!$I$6:$I$500<>"")),ROW()-7)),"") | H56: =IFERROR(INDEX('בנק'!$H:$H,AGGREGATE(15,6,ROW($A$6:$A$500)/(('בנק'!$I$6:$I$500<0)*('בנק'!$I$6:$I$500<>"")),ROW()-7)),"") | I56: =IFERROR(INDEX('בנק'!$I:$I,AGGREGATE(15,6,ROW($A$6:$A$500)/(('בנק'!$I$6:$I$500<0)*('בנק'!$I$6:$I$500<>"")),ROW()-7)),"") | J56: =IFERROR(A55-A56,"") | K56: =IFERROR(A56-A57,"") | L56: =IFERROR($L$6/365*I56*J56,"")
A57: =IFERROR(INDEX('בנק'!$A:$A,AGGREGATE(15,6,ROW($A$6:$A$500)/(('בנק'!$I$6:$I$500<0)*('בנק'!$I$6:$I$500<>"")),ROW()-7)),"") | B57: =IFERROR(INDEX('בנק'!$B:$B,AGGREGATE(15,6,ROW($A$6:$A$500)/(('בנק'!$I$6:$I$500<0)*('בנק'!$I$6:$I$500<>"")),ROW()-7)),"") | C57: =IFERROR(INDEX('בנק'!$C:$C,AGGREGATE(15,6,ROW($A$6:$A$500)/(('בנק'!$I$6:$I$500<0)*('בנק'!$I$6:$I$500<>"")),ROW()-7)),"") | D57: =IFERROR(INDEX('בנק'!$D:$D,AGGREGATE(15,6,ROW($A$6:$A$500)/(('בנק'!$I$6:$I$500<0)*('בנק'!$I$6:$I$500<>"")),ROW()-7)),"") | E57: =IFERROR(INDEX('בנק'!$E:$E,AGGREGATE(15,6,ROW($A$6:$A$500)/(('בנק'!$I$6:$I$500<0)*('בנק'!$I$6:$I$500<>"")),ROW()-7)),"") | F57: =IFERROR(INDEX('בנק'!$F:$F,AGGREGATE(15,6,ROW($A$6:$A$500)/(('בנק'!$I$6:$I$500<0)*('בנק'!$I$6:$I$500<>"")),ROW()-7)),"") | G57: =IFERROR(INDEX('בנק'!$G:$G,AGGREGATE(15,6,ROW($A$6:$A$500)/(('בנק'!$I$6:$I$500<0)*('בנק'!$I$6:$I$500<>"")),ROW()-7)),"") | H57: =IFERROR(INDEX('בנק'!$H:$H,AGGREGATE(15,6,ROW($A$6:$A$500)/(('בנק'!$I$6:$I$500<0)*('בנק'!$I$6:$I$500<>"")),ROW()-7)),"") | I57: =IFERROR(INDEX('בנק'!$I:$I,AGGREGATE(15,6,ROW($A$6:$A$500)/(('בנק'!$I$6:$I$500<0)*('בנק'!$I$6:$I$500<>"")),ROW()-7)),"") | J57: =IFERROR(A56-A57,"") | L57: =IFERROR($L$6/365*I57*J57,"")
L59: =SUM(L8:L57) | M59: ריבית מחושבת
L60: -245208 | M60: ריבית שירדה בפועל
L61: =L59-L60 | M61: החזר
